{"cameraMode":{"drawMode":0,"name":"Shaded","section":"Shading Mode"},"sceneLighting":false,"audioPlay":false,"sceneViewState":{"showFog":true,"showMaterialUpdate":false,"showSkybox":false,"showFlares":true,"showImageEffects":true,"showParticleSystems":true},"in2DMode":false,"pivot":{"x":0.0,"y":0.8618504405021668,"z":-0.03161853551864624},"rotation":{"x":-0.02754949778318405,"y":0.961313009262085,"z":-0.10452868044376373,"w":-0.2533630132675171},"size":4.668058395385742,"orthographic":false}